{
	"id": "7d9230d0-cfa8-454f-b8f8-4932fd6a2636",
	"name": "S3 cors",
	"values": [
		{
			"key": "region",
			"value": "",
			"enabled": true
		},
		{
			"key": "service",
			"value": "s3",
			"enabled": true
		},
		{
			"key": "access_key",
			"value": "",
			"enabled": true
		},
		{
			"key": "secret_key",
			"value": "",
			"enabled": true
		},
		{
			"key": "bucket",
			"value": "",
			"enabled": true
		}
	],
	"_postman_variable_scope": "environment",
	"_postman_exported_at": "2021-02-22T18:27:21.417Z",
	"_postman_exported_using": "Postman/7.36.0"
}