{
	"info": {
		"_postman_id": "acfea452-06d9-4f05-814a-87e7db04d2fa",
		"name": "AWS",
		"schema": "https://schema.getpostman.com/json/collection/v2.1.0/collection.json"
	},
	"item": [
		{
			"name": "Set Bucket CORS",
			"event": [
				{
					"listen": "prerequest",
					"script": {
						"id": "f94de83e-51d2-49d8-8c40-a093e279f118",
						"exec": [
							"var md5checksum = CryptoJS.MD5(\"\"+pm.request.body+\"\");",
							"base64value = CryptoJS.enc.Base64.stringify(md5checksum);",
							"postman.setGlobalVariable(\"content-md5\", base64value);"
						],
						"type": "text/javascript"
					}
				}
			],
			"request": {
				"auth": {
					"type": "awsv4",
					"awsv4": [
						{
							"key": "service",
							"value": "{{service}}",
							"type": "string"
						},
						{
							"key": "region",
							"value": "{{region}}",
							"type": "string"
						},
						{
							"key": "secretKey",
							"value": "{{secret_key}}",
							"type": "string"
						},
						{
							"key": "accessKey",
							"value": "{{access_key}}",
							"type": "string"
						}
					]
				},
				"method": "PUT",
				"header": [
					{
						"key": "Content-MD5",
						"value": "{{content-md5}}",
						"type": "text"
					}
				],
				"body": {
					"mode": "raw",
					"raw": "<?xml version=\"1.0\" encoding=\"UTF-8\"?>\n<CORSConfiguration xmlns=\"http://s3.amazonaws.com/doc/2006-03-01/\">\n\t<CORSRule>\n\t\t<AllowedOrigin>https://pl-my-app.herokuapp.com</AllowedOrigin>\n\t\t<AllowedMethod>GET</AllowedMethod>\n\t\t<AllowedMethod>POST</AllowedMethod>\n\t\t<AllowedMethod>PUT</AllowedMethod>\n\t\t<MaxAgeSeconds>3000</MaxAgeSeconds>\n\t\t<AllowedHeader>Authorization</AllowedHeader>\n\t\t<AllowedHeader>x-amz-date</AllowedHeader>\n\t\t<AllowedHeader>x-amz-content-sha256</AllowedHeader>\n\t\t<AllowedHeader>content-type</AllowedHeader>\n\t\t<ExposeHeader>ETag</ExposeHeader>\n\t</CORSRule>\n</CORSConfiguration>",
					"options": {
						"raw": {
							"language": "xml"
						}
					}
				},
				"url": {
					"raw": "{{bucket}}.s3.amazonaws.com/?cors",
					"host": [
						"{{bucket}}",
						"s3",
						"amazonaws",
						"com"
					],
					"path": [
						""
					],
					"query": [
						{
							"key": "cors",
							"value": null
						}
					]
				}
			},
			"response": []
		},
		{
			"name": "Get Bucket CORS",
			"event": [
				{
					"listen": "prerequest",
					"script": {
						"id": "d8a0bb21-e71f-4d3d-ae0f-9eae3501e553",
						"exec": [
							"var md5checksum = CryptoJS.MD5(\"\"+pm.request.body+\"\");",
							"base64value = CryptoJS.enc.Base64.stringify(md5checksum);",
							"postman.setGlobalVariable(\"content-md5\", base64value);"
						],
						"type": "text/javascript"
					}
				}
			],
			"request": {
				"auth": {
					"type": "awsv4",
					"awsv4": [
						{
							"key": "service",
							"value": "{{service}}",
							"type": "string"
						},
						{
							"key": "region",
							"value": "{{region}}",
							"type": "string"
						},
						{
							"key": "secretKey",
							"value": "{{secret_key}}",
							"type": "string"
						},
						{
							"key": "accessKey",
							"value": "{{access_key}}",
							"type": "string"
						}
					]
				},
				"method": "GET",
				"header": [
					{
						"key": "Content-MD5",
						"value": "{{content-md5}}",
						"type": "text"
					}
				],
				"url": {
					"raw": "https://{{bucket}}.s3.amazonaws.com/?cors",
					"protocol": "https",
					"host": [
						"{{bucket}}",
						"s3",
						"amazonaws",
						"com"
					],
					"path": [
						""
					],
					"query": [
						{
							"key": "cors",
							"value": null
						}
					]
				}
			},
			"response": []
		}
	],
	"protocolProfileBehavior": {}
}